id,first_name,last_name,email,gender,ip_address
1,Perri,Coat,pcoat0@apple.com,Polygender,109.40.24.185
2,Fabian,Carlisle,fcarlisle1@altervista.org,Agender,120.138.170.32
3,Pavia,Hendrich,phendrich2@comcast.net,Genderqueer,196.206.110.194
4,Nickolaus,Patemore,npatemore3@icio.us,Agender,67.154.87.107
5,Olympie,Gantzer,ogantzer4@tinyurl.com,Non-binary,5.183.218.198
6,Odelle,Mallender,omallender5@rediff.com,Agender,57.96.70.156
7,Norine,Schumacher,nschumacher6@discovery.com,Bigender,165.217.105.60
8,Del,Bussy,dbussy7@state.tx.us,Genderfluid,100.185.127.194
9,Arley,Matisse,amatisse8@virginia.edu,Genderfluid,248.191.182.189
10,Gwendolyn,Dunnett,gdunnett9@prweb.com,Male,160.58.40.142
11,Madelaine,Piel,mpiela@wix.com,Male,166.115.93.147
12,Dasya,Livingstone,dlivingstoneb@bloglovin.com,Non-binary,158.223.148.107
13,Rick,Ollarenshaw,rollarenshawc@japanpost.jp,Non-binary,57.90.153.95
14,Nell,Wyett,nwyettd@icq.com,Non-binary,37.2.161.169
15,Niven,Crotty,ncrottye@163.com,Genderqueer,50.93.13.228
16,Franchot,Jouen,fjouenf@tuttocitta.it,Non-binary,148.159.167.169
17,Charley,Hayer,chayerg@shutterfly.com,Genderfluid,157.161.59.216
18,Consuelo,Ramelet,crameleth@linkedin.com,Genderqueer,188.57.170.8
19,Henri,Porcas,hporcasi@histats.com,Male,134.10.174.71
20,Barbaraanne,Liddy,bliddyj@wordpress.com,Polygender,175.22.201.0
21,Eunice,Curragh,ecurraghk@icq.com,Genderqueer,24.28.81.202
22,Paola,Northall,pnorthalll@boston.com,Polygender,190.62.41.88
23,Marlene,Rakes,mrakesm@youku.com,Female,174.38.106.92
24,Cirstoforo,Stockbridge,cstockbridgen@sina.com.cn,Polygender,255.45.245.207
25,Margi,Flament,mflamento@va.gov,Genderqueer,177.25.52.78
26,Maggy,Truse,mtrusep@squidoo.com,Genderfluid,211.112.200.48
27,Erny,Ackery,eackeryq@4shared.com,Agender,216.138.182.140
28,Leroi,Pittam,lpittamr@acquirethisname.com,Male,80.140.205.185
29,Zulema,Caine,zcaines@instagram.com,Polygender,187.225.97.53
30,Whitby,Robathon,wrobathont@washington.edu,Female,203.21.210.63
31,Creigh,Denisard,cdenisardu@businessweek.com,Male,251.185.133.9
32,Vania,Clineck,vclineckv@geocities.jp,Genderqueer,212.146.170.169
33,Renado,Glabach,rglabachw@uol.com.br,Genderqueer,82.110.50.232
34,Fernande,Wrates,fwratesx@pcworld.com,Bigender,38.0.189.98
35,Kelbee,Mosey,kmoseyy@mapy.cz,Non-binary,234.163.36.195
36,Tam,Izon,tizonz@flavors.me,Non-binary,30.29.133.49
37,Crin,Mahoney,cmahoney10@mapy.cz,Genderqueer,231.37.34.17
38,Fred,Corrin,fcorrin11@quantcast.com,Female,4.219.250.4
39,Stan,Silver,ssilver12@cbsnews.com,Genderfluid,162.117.60.169
40,Sandi,Causby,scausby13@webeden.co.uk,Male,191.175.183.57
41,Mill,Balmer,mbalmer14@mozilla.com,Genderfluid,213.171.5.128
42,Merla,MacIlurick,mmacilurick15@google.nl,Male,24.15.217.199
43,Dallas,Ackery,dackery16@wikimedia.org,Male,27.39.42.71
44,Miles,Moyce,mmoyce17@usatoday.com,Bigender,221.251.140.23
45,Bryana,Desvignes,bdesvignes18@amazonaws.com,Agender,186.143.68.39
46,Kris,Wrightem,kwrightem19@ihg.com,Agender,70.16.16.12
47,Torry,Eggers,teggers1a@sciencedirect.com,Bigender,53.32.7.76
48,Berty,Tipperton,btipperton1b@fotki.com,Non-binary,160.174.51.101
49,Verena,Stockle,vstockle1c@ameblo.jp,Male,162.8.193.116
50,Frants,Deddum,fdeddum1d@creativecommons.org,Genderqueer,214.249.210.233
51,Fara,Jilkes,fjilkes1e@posterous.com,Non-binary,103.39.8.134
52,Micaela,Taylo,mtaylo1f@bing.com,Agender,90.43.68.78
53,Kitty,Rudman,krudman1g@fema.gov,Non-binary,234.238.167.140
54,Dougie,Smalridge,dsmalridge1h@domainmarket.com,Male,236.238.18.103
55,Marget,Kiln,mkiln1i@github.io,Male,149.2.25.239
56,Packston,Gamell,pgamell1j@ycombinator.com,Genderfluid,142.233.167.176
57,Juli,Allcock,jallcock1k@ucoz.com,Polygender,84.187.41.70
58,Brandea,Penk,bpenk1l@chron.com,Male,239.67.70.5
59,Ottilie,Dowers,odowers1m@a8.net,Genderfluid,188.144.48.74
60,Pennie,Davids,pdavids1n@spiegel.de,Male,241.218.249.65
61,Liz,Iczokvitz,liczokvitz1o@seesaa.net,Bigender,216.166.167.163
62,Emmery,Roakes,eroakes1p@prweb.com,Genderqueer,52.138.33.156
63,Josiah,Sommerfeld,jsommerfeld1q@apache.org,Male,176.3.139.161
64,Kelcy,Ferschke,kferschke1r@a8.net,Genderqueer,177.168.155.156
65,Rea,Egre,regre1s@weebly.com,Non-binary,105.112.67.126
66,Pooh,Grishagin,pgrishagin1t@shinystat.com,Non-binary,131.125.238.8
67,Smitty,Domm,sdomm1u@nifty.com,Bigender,81.255.137.211
68,Bliss,Cordelle,bcordelle1v@freewebs.com,Genderfluid,166.62.124.214
69,Dani,Sellick,dsellick1w@jugem.jp,Polygender,99.124.202.148
70,Benedict,Lanegran,blanegran1x@last.fm,Polygender,3.30.152.75
71,Dwight,Emerson,demerson1y@mysql.com,Polygender,142.176.141.148
72,Laryssa,Shemilt,lshemilt1z@youtu.be,Female,15.170.16.28
73,Montague,Beake,mbeake20@time.com,Genderqueer,234.73.147.142
74,Renae,Gosland,rgosland21@gravatar.com,Agender,39.249.141.50
75,Hyacinthe,Duddridge,hduddridge22@washington.edu,Non-binary,214.30.20.45
76,Scott,Bilston,sbilston23@mapy.cz,Genderfluid,196.154.27.22
77,Sheela,Humm,shumm24@usda.gov,Genderfluid,53.186.39.3
78,Aveline,Pomeroy,apomeroy25@homestead.com,Non-binary,239.23.81.174
79,Nicholle,Itzcovichch,nitzcovichch26@amazon.de,Non-binary,139.210.129.205
80,Jodi,Carlick,jcarlick27@163.com,Female,15.129.214.10
81,Carlin,Lowings,clowings28@phpbb.com,Polygender,220.249.178.69
82,Bobbee,Tester,btester29@netlog.com,Female,210.2.104.184
83,Guthry,Cockerill,gcockerill2a@amazon.de,Male,120.79.227.59
84,Maryrose,Book,mbook2b@istockphoto.com,Bigender,218.134.34.10
85,Giulietta,Martino,gmartino2c@slashdot.org,Bigender,9.68.54.100
86,Meta,Lemonby,mlemonby2d@sun.com,Non-binary,31.58.98.61
87,Jobie,Linkleter,jlinkleter2e@fastcompany.com,Female,126.51.216.19
88,Shayne,Lowing,slowing2f@yahoo.com,Agender,166.213.31.101
89,Tanitansy,Tebboth,ttebboth2g@nhs.uk,Bigender,133.107.187.140
90,Noemi,Meggison,nmeggison2h@booking.com,Bigender,231.181.215.136
91,Loni,Lathey,llathey2i@berkeley.edu,Genderfluid,157.201.183.53
92,Vladamir,Firebrace,vfirebrace2j@google.it,Male,78.59.122.166
93,Arnold,Redpath,aredpath2k@purevolume.com,Genderfluid,184.72.225.3
94,Sharona,Tobias,stobias2l@pbs.org,Female,221.150.147.252
95,Arin,Eschalette,aeschalette2m@whitehouse.gov,Female,58.16.48.93
96,Llywellyn,Chsteney,lchsteney2n@taobao.com,Female,178.46.91.63
97,Der,Luchetti,dluchetti2o@paypal.com,Non-binary,4.82.45.184
98,Dallas,Leggitt,dleggitt2p@addtoany.com,Male,144.233.45.209
99,Biron,Chasmor,bchasmor2q@rediff.com,Polygender,8.89.59.161
100,Doy,Alans,dalans2r@smh.com.au,Male,213.184.186.206
101,Franky,Le Brom,flebrom2s@blinklist.com,Bigender,61.173.174.152
102,Hubert,Cregeen,hcregeen2t@livejournal.com,Genderfluid,135.153.16.33
103,Tiffani,Hancell,thancell2u@histats.com,Bigender,92.128.144.181
104,Lilia,Salvidge,lsalvidge2v@shinystat.com,Male,13.210.200.181
105,Verney,Domenichelli,vdomenichelli2w@phoca.cz,Female,242.45.25.63
106,Kayla,Galsworthy,kgalsworthy2x@jalbum.net,Genderqueer,62.199.249.251
107,Caitlin,Buffery,cbuffery2y@noaa.gov,Bigender,91.247.114.122
108,Chaim,Byrde,cbyrde2z@cargocollective.com,Genderfluid,215.25.169.104
109,Clay,Obington,cobington30@mashable.com,Bigender,222.22.41.139
110,Gradeigh,Gwyther,ggwyther31@skyrock.com,Genderfluid,201.135.68.175
111,Orel,Stopper,ostopper32@addtoany.com,Bigender,114.4.100.10
112,Gaylene,Rowena,growena33@guardian.co.uk,Non-binary,90.113.218.147
113,Ted,Gilhouley,tgilhouley34@shinystat.com,Male,192.219.144.227
114,Launce,Sothern,lsothern35@weebly.com,Genderqueer,191.198.121.114
115,Salomon,Emsden,semsden36@whitehouse.gov,Male,78.227.47.22
116,Taffy,Pitkaithly,tpitkaithly37@imageshack.us,Female,156.138.181.162
117,Anallese,Sheehan,asheehan38@craigslist.org,Female,208.202.25.131
118,Bill,Dreigher,bdreigher39@ucoz.ru,Genderfluid,231.9.99.112
119,Dean,Rittmeyer,drittmeyer3a@merriam-webster.com,Polygender,212.81.150.215
120,Carri,Aulds,caulds3b@cnn.com,Genderqueer,121.54.177.206
121,Paolo,Kielt,pkielt3c@addtoany.com,Male,179.38.65.159
122,Genia,Crigin,gcrigin3d@mashable.com,Genderfluid,209.179.167.188
123,Mandy,Unwins,munwins3e@go.com,Non-binary,220.127.205.115
124,Gennie,Bielfeldt,gbielfeldt3f@yandex.ru,Genderfluid,108.77.227.120
125,Gwynne,Keppie,gkeppie3g@smugmug.com,Bigender,72.229.253.214
126,Walden,Haggarth,whaggarth3h@drupal.org,Genderqueer,134.76.135.229
127,Eddie,Camosso,ecamosso3i@imdb.com,Polygender,17.14.45.235
128,Cornell,Malpass,cmalpass3j@mapy.cz,Genderqueer,50.7.225.30
129,Paloma,Bachmann,pbachmann3k@merriam-webster.com,Agender,30.246.231.113
130,Marjory,Eeles,meeles3l@i2i.jp,Agender,129.62.144.98
131,Farrell,Goch,fgoch3m@elpais.com,Polygender,39.224.183.82
132,Sharleen,Van der Krui,svanderkrui3n@123-reg.co.uk,Female,134.48.12.140
133,Hildegaard,Jzhakov,hjzhakov3o@sogou.com,Agender,230.149.129.185
134,Theo,Flaws,tflaws3p@noaa.gov,Agender,164.129.223.46
135,Thoma,Lighton,tlighton3q@instagram.com,Genderqueer,90.6.222.103
136,Kingston,Patterson,kpatterson3r@google.nl,Male,154.104.64.149
137,Moira,Keeping,mkeeping3s@amazon.co.jp,Genderfluid,152.200.4.38
138,Andrej,Simonson,asimonson3t@google.com.hk,Agender,120.172.71.49
139,Ashley,Havenhand,ahavenhand3u@hostgator.com,Non-binary,84.16.209.116
140,Cherianne,Lordon,clordon3v@over-blog.com,Genderfluid,101.14.133.242
141,Sharia,Gabotti,sgabotti3w@yandex.ru,Female,177.246.154.20
142,Dayna,Ygoe,dygoe3x@furl.net,Female,211.219.241.68
143,Fedora,Antrack,fantrack3y@myspace.com,Male,103.73.196.95
144,Anitra,Allanson,aallanson3z@sourceforge.net,Male,247.179.21.252
145,Neile,Vakhlov,nvakhlov40@ifeng.com,Genderfluid,80.55.131.163
146,Rosita,Philpots,rphilpots41@engadget.com,Female,79.114.217.3
147,Alica,Kienzle,akienzle42@wiley.com,Genderqueer,99.45.125.170
148,Maisie,Lyfield,mlyfield43@nationalgeographic.com,Agender,8.25.150.126
149,Baxy,Windmill,bwindmill44@typepad.com,Male,66.191.41.53
150,Yolanda,Daveran,ydaveran45@creativecommons.org,Genderfluid,91.35.125.183
151,Wendi,Benois,wbenois46@sakura.ne.jp,Agender,227.74.161.4
152,Atlante,Rahill,arahill47@nymag.com,Bigender,200.122.113.40
153,Neilla,Bengal,nbengal48@surveymonkey.com,Agender,22.231.6.89
154,Korney,Littley,klittley49@blogspot.com,Polygender,174.124.240.240
155,Ely,Hayller,ehayller4a@icq.com,Genderqueer,80.21.4.117
156,Padriac,Helm,phelm4b@go.com,Female,162.174.17.15
157,Pooh,Veare,pveare4c@pbs.org,Bigender,150.123.92.50
158,Aristotle,Melling,amelling4d@e-recht24.de,Agender,33.219.45.122
159,Franciskus,Phillput,fphillput4e@cyberchimps.com,Polygender,163.6.184.121
160,Garner,Nesbeth,gnesbeth4f@xrea.com,Agender,120.147.50.33
161,Berenice,Antusch,bantusch4g@adobe.com,Polygender,210.83.199.3
162,Fenelia,Torfin,ftorfin4h@networksolutions.com,Bigender,78.160.34.2
163,Andra,Kunzel,akunzel4i@xing.com,Non-binary,35.27.108.36
164,Johannes,Moring,jmoring4j@princeton.edu,Genderfluid,50.198.212.100
165,Xever,Klesl,xklesl4k@stanford.edu,Male,5.60.42.32
166,Gilberto,Earland,gearland4l@netscape.com,Non-binary,154.23.14.201
167,Boycie,Semens,bsemens4m@springer.com,Polygender,206.60.219.0
168,Flint,Bello,fbello4n@wikispaces.com,Bigender,105.188.112.21
169,Lebbie,Burress,lburress4o@loc.gov,Agender,122.28.185.137
170,Rodi,Floyed,rfloyed4p@bbb.org,Genderfluid,135.143.173.209
171,Kelci,Whooley,kwhooley4q@photobucket.com,Polygender,169.219.251.95
172,Ailey,Kadwallider,akadwallider4r@a8.net,Agender,86.160.151.83
173,Alex,Cuckson,acuckson4s@cpanel.net,Bigender,5.255.168.13
174,Noella,Mutlow,nmutlow4t@wiley.com,Polygender,246.156.241.141
175,Francyne,Canepe,fcanepe4u@indiegogo.com,Female,7.84.219.171
176,Karl,Roscamps,kroscamps4v@cbslocal.com,Female,152.9.213.228
177,Adams,Barroux,abarroux4w@free.fr,Male,227.12.95.67
178,Mirella,Eskrigge,meskrigge4x@flavors.me,Bigender,153.9.82.197
179,Kym,Keeves,kkeeves4y@meetup.com,Genderqueer,252.80.255.122
180,Haley,Vearnals,hvearnals4z@blog.com,Genderqueer,187.29.210.135
181,Marla,Harbinson,mharbinson50@foxnews.com,Agender,162.93.186.159
182,Regan,Faichney,rfaichney51@dmoz.org,Bigender,55.99.198.98
183,Ailbert,Nethercott,anethercott52@google.com.hk,Non-binary,215.241.202.86
184,Ingrid,Rockwell,irockwell53@sciencedaily.com,Agender,38.156.242.60
185,Marlon,Diboll,mdiboll54@barnesandnoble.com,Genderfluid,60.154.93.29
186,Alfred,Sams,asams55@posterous.com,Genderqueer,133.111.164.0
187,Gauthier,Varty,gvarty56@exblog.jp,Agender,162.170.114.158
188,Deck,Glisane,dglisane57@hp.com,Non-binary,199.238.250.113
189,Woodman,Buckthorp,wbuckthorp58@chron.com,Bigender,143.254.159.116
190,Mariska,Downer,mdowner59@constantcontact.com,Non-binary,69.138.95.176
191,Georgiana,Edgley,gedgley5a@army.mil,Non-binary,91.118.90.139
192,Karole,Chappelow,kchappelow5b@ucsd.edu,Non-binary,27.255.103.51
193,Camala,Thewles,cthewles5c@yellowpages.com,Bigender,202.26.158.213
194,Eugenius,Ciccarello,eciccarello5d@cocolog-nifty.com,Non-binary,158.121.233.236
195,Lavena,Nussey,lnussey5e@ebay.com,Polygender,39.140.221.198
196,Thomasine,Brunsden,tbrunsden5f@canalblog.com,Bigender,215.10.170.138
197,Marc,Phripp,mphripp5g@studiopress.com,Female,82.69.71.119
198,Vinni,Poltone,vpoltone5h@mayoclinic.com,Bigender,126.46.18.230
199,Kahlil,Vreiberg,kvreiberg5i@yahoo.co.jp,Polygender,150.180.19.209
200,Hyacinth,Goodin,hgoodin5j@go.com,Polygender,46.130.181.152
201,Colline,McKeeman,cmckeeman5k@unesco.org,Polygender,13.183.222.31
202,Nelie,Maffin,nmaffin5l@salon.com,Agender,144.37.93.194
203,Ciro,Loades,cloades5m@blog.com,Genderqueer,149.5.108.228
204,Allene,Poulett,apoulett5n@latimes.com,Female,150.240.176.106
205,Noellyn,McKirdy,nmckirdy5o@usda.gov,Male,186.247.174.32
206,Silvanus,Brennans,sbrennans5p@arstechnica.com,Polygender,52.235.74.57
207,Xymenes,Epsley,xepsley5q@123-reg.co.uk,Female,147.238.226.212
208,Kelci,Risbridger,krisbridger5r@un.org,Non-binary,33.41.19.255
209,Ethyl,Kubal,ekubal5s@zdnet.com,Non-binary,120.244.167.175
210,Cordie,Siward,csiward5t@so-net.ne.jp,Non-binary,100.49.25.255
211,Raina,Swetman,rswetman5u@com.com,Genderqueer,200.159.234.72
212,Fallon,Shorter,fshorter5v@canalblog.com,Agender,0.65.51.50
213,Celene,Essery,cessery5w@a8.net,Non-binary,11.67.41.45
214,Sunshine,Trusslove,strusslove5x@taobao.com,Male,180.90.184.91
215,Dari,Whaplington,dwhaplington5y@uiuc.edu,Genderqueer,170.87.49.47
216,Shandy,Spenley,sspenley5z@usda.gov,Agender,221.198.116.14
217,Eolanda,Tonge,etonge60@ox.ac.uk,Agender,186.96.23.128
218,Karlene,Cranshaw,kcranshaw61@sphinn.com,Non-binary,177.253.72.105
219,Meaghan,Kirman,mkirman62@bloglines.com,Bigender,170.108.92.39
220,Ugo,Cookman,ucookman63@unicef.org,Genderfluid,242.238.137.213
221,Dania,Iredell,diredell64@vimeo.com,Male,148.50.128.62
222,Hedwiga,D'orsay,hdorsay65@prnewswire.com,Male,229.52.140.248
223,Rance,Schroeder,rschroeder66@creativecommons.org,Bigender,133.111.194.201
224,Darcie,Germaine,dgermaine67@soundcloud.com,Bigender,247.197.66.132
225,Lewie,Geraudy,lgeraudy68@miitbeian.gov.cn,Genderqueer,128.91.169.209
226,Lissa,Paolo,lpaolo69@google.es,Female,39.175.165.93
227,Kristin,Bonnell,kbonnell6a@is.gd,Genderfluid,12.121.30.252
228,Antonino,MacConnel,amacconnel6b@paypal.com,Bigender,12.251.115.161
229,Ilse,Ryde,iryde6c@hexun.com,Female,169.126.92.189
230,Roman,Volker,rvolker6d@rambler.ru,Genderfluid,162.124.134.94
231,Shelli,Linfoot,slinfoot6e@youtube.com,Agender,59.127.94.124
232,Allianora,Ellwood,aellwood6f@fda.gov,Female,50.3.109.195
233,Myrvyn,Korting,mkorting6g@toplist.cz,Male,90.243.89.99
234,Amber,Dowzell,adowzell6h@omniture.com,Agender,203.22.215.78
235,Haleigh,Jeyness,hjeyness6i@blogs.com,Agender,202.92.71.201
236,Martainn,Godon,mgodon6j@over-blog.com,Polygender,214.99.17.45
237,Cam,Van der Merwe,cvandermerwe6k@ezinearticles.com,Bigender,64.13.229.187
238,Andy,Highton,ahighton6l@edublogs.org,Genderqueer,26.230.35.114
239,Tim,Gallego,tgallego6m@geocities.com,Male,96.192.182.88
240,Bridget,Millwall,bmillwall6n@i2i.jp,Genderfluid,76.18.38.199
241,Claire,Pasticznyk,cpasticznyk6o@domainmarket.com,Polygender,46.29.212.57
242,Adlai,Leonard,aleonard6p@webeden.co.uk,Genderfluid,216.4.243.190
243,Davy,Gwillym,dgwillym6q@wsj.com,Male,148.96.4.15
244,Fanny,Whistlecraft,fwhistlecraft6r@buzzfeed.com,Bigender,136.148.58.86
245,Haslett,Bauer,hbauer6s@ftc.gov,Female,110.24.228.88
246,Karole,Hackley,khackley6t@blogs.com,Female,74.136.189.192
247,Svend,Dougliss,sdougliss6u@ycombinator.com,Genderqueer,124.118.247.123
248,Jeanne,Gerring,jgerring6v@slideshare.net,Agender,17.149.6.186
249,Dynah,Ashenhurst,dashenhurst6w@cbc.ca,Genderqueer,214.15.217.180
250,Hunt,Le-Good,hlegood6x@netvibes.com,Non-binary,241.73.49.83
251,Arnuad,Hindes,ahindes6y@usa.gov,Agender,18.67.123.89
252,Imojean,Sunderland,isunderland6z@geocities.jp,Polygender,227.208.174.168
253,Meredeth,Wyvill,mwyvill70@businessinsider.com,Male,151.167.24.103
254,Tansy,Turpey,tturpey71@smugmug.com,Agender,206.15.246.253
255,Jorey,Acome,jacome72@deliciousdays.com,Polygender,238.79.128.243
256,Lynde,McClean,lmcclean73@telegraph.co.uk,Bigender,229.20.48.11
257,Monah,Mosey,mmosey74@examiner.com,Genderqueer,17.90.177.1
258,Katie,Gosnall,kgosnall75@techcrunch.com,Non-binary,113.21.24.208
259,Biddy,Gerrens,bgerrens76@linkedin.com,Non-binary,253.233.125.122
260,Allister,Gimlet,agimlet77@shop-pro.jp,Non-binary,68.61.29.161
261,Ekaterina,Radki,eradki78@utexas.edu,Genderqueer,206.218.188.142
262,Ruthann,Doggerell,rdoggerell79@time.com,Non-binary,69.34.209.70
263,Terrance,Moland,tmoland7a@reference.com,Bigender,0.130.14.64
264,Wiatt,Darwen,wdarwen7b@wix.com,Male,76.255.146.9
265,Emmott,Tozer,etozer7c@goo.gl,Agender,176.103.51.196
266,Skylar,Mangham,smangham7d@google.com.br,Male,148.83.0.101
267,Parry,Bedward,pbedward7e@ning.com,Male,191.123.134.25
268,Nona,Rodenhurst,nrodenhurst7f@trellian.com,Agender,146.27.173.233
269,Marrissa,Rubanenko,mrubanenko7g@webs.com,Non-binary,252.17.204.136
270,Alejandro,Kruschov,akruschov7h@histats.com,Agender,243.109.14.146
271,Allx,Hafner,ahafner7i@naver.com,Genderqueer,5.89.119.81
272,Rochester,Hassent,rhassent7j@acquirethisname.com,Bigender,22.12.63.32
273,Stanwood,Tilt,stilt7k@blogs.com,Agender,5.16.35.130
274,Lynelle,Batchelder,lbatchelder7l@pagesperso-orange.fr,Agender,92.39.191.1
275,Trace,Stripp,tstripp7m@sphinn.com,Non-binary,36.252.111.24
276,Giana,Couve,gcouve7n@google.fr,Bigender,206.69.173.134
277,Nester,Melsome,nmelsome7o@tripadvisor.com,Genderfluid,113.239.65.242
278,Millard,Knowling,mknowling7p@alibaba.com,Polygender,216.51.106.31
279,Bryn,Judron,bjudron7q@skype.com,Non-binary,142.90.215.6
280,Fulton,Ondrich,fondrich7r@baidu.com,Agender,61.5.155.103
281,Nelly,Duigenan,nduigenan7s@stanford.edu,Genderfluid,136.38.74.61
282,Karyl,Cartlidge,kcartlidge7t@blogtalkradio.com,Agender,162.102.127.149
283,Pammi,Lingard,plingard7u@wikipedia.org,Polygender,135.134.17.158
284,Sibelle,Pillifant,spillifant7v@mac.com,Genderqueer,158.218.191.220
285,Jandy,McShane,jmcshane7w@dailymotion.com,Agender,204.106.45.33
286,Myrah,Bartoszek,mbartoszek7x@twitpic.com,Female,69.203.128.111
287,Marylee,Glasson,mglasson7y@mozilla.org,Genderfluid,45.226.214.36
288,Josephina,Edelmann,jedelmann7z@surveymonkey.com,Bigender,35.200.94.253
289,Harp,Beek,hbeek80@php.net,Genderqueer,255.243.170.110
290,Kathlin,Stansbury,kstansbury81@goo.ne.jp,Male,40.79.66.42
291,Blaine,Kienl,bkienl82@nba.com,Male,138.32.251.28
292,Caritta,Garshore,cgarshore83@flickr.com,Non-binary,226.160.7.209
293,Lettie,Cheeney,lcheeney84@delicious.com,Female,123.21.183.83
294,Kathi,Cahey,kcahey85@ted.com,Genderfluid,4.227.195.59
295,Umberto,Keat,ukeat86@scribd.com,Bigender,46.250.219.184
296,Hughie,Odom,hodom87@weather.com,Female,119.99.13.210
297,Francklyn,Chatel,fchatel88@walmart.com,Agender,254.156.169.35
298,Maren,Scoggans,mscoggans89@tuttocitta.it,Genderfluid,83.58.189.201
299,Augustina,Penwright,apenwright8a@yale.edu,Non-binary,80.1.24.206
300,Vina,Jeandeau,vjeandeau8b@tiny.cc,Bigender,144.23.19.164
301,Nehemiah,Oulner,noulner8c@creativecommons.org,Agender,132.197.119.129
302,Rinaldo,McGinn,rmcginn8d@bandcamp.com,Polygender,25.165.180.74
303,Frannie,Matterface,fmatterface8e@telegraph.co.uk,Male,143.129.110.144
304,Gabbi,Lukes,glukes8f@theguardian.com,Polygender,76.111.11.67
305,Euell,MacCallester,emaccallester8g@altervista.org,Genderqueer,16.143.44.72
306,Tate,Szwandt,tszwandt8h@jimdo.com,Polygender,209.240.31.184
307,Delainey,Brunn,dbrunn8i@ycombinator.com,Genderqueer,200.14.52.75
308,Bevin,Gagan,bgagan8j@foxnews.com,Agender,143.248.207.221
309,Devin,Keningley,dkeningley8k@washington.edu,Genderqueer,7.63.3.213
310,Abagael,Hadgkiss,ahadgkiss8l@sciencedirect.com,Agender,159.150.79.101
311,Jerrold,Screech,jscreech8m@japanpost.jp,Polygender,26.52.90.201
312,Diane,Brickner,dbrickner8n@xing.com,Bigender,49.141.199.229
313,Clementine,Gresham,cgresham8o@bloglovin.com,Polygender,163.125.227.80
314,Ines,Gumb,igumb8p@t-online.de,Female,241.126.58.70
315,Fleurette,Oakley,foakley8q@sbwire.com,Female,214.58.28.6
316,Myrilla,Greaterex,mgreaterex8r@hatena.ne.jp,Non-binary,109.229.46.205
317,Ulrica,Borg,uborg8s@smh.com.au,Genderfluid,160.51.119.227
318,Dana,Grevile,dgrevile8t@devhub.com,Genderqueer,194.132.99.115
319,Jasmina,Boater,jboater8u@list-manage.com,Genderfluid,98.66.198.80
320,Delcine,Shirland,dshirland8v@toplist.cz,Agender,78.157.53.134
321,Mora,Corness,mcorness8w@si.edu,Male,118.251.204.26
322,Maryrose,De Freyne,mdefreyne8x@state.tx.us,Bigender,88.235.78.235
323,Zaccaria,Rickerby,zrickerby8y@list-manage.com,Agender,39.79.118.232
324,Tedra,Lissaman,tlissaman8z@answers.com,Agender,4.201.76.154
325,Farleigh,Elflain,felflain90@behance.net,Genderqueer,9.162.36.131
326,Had,Barneveld,hbarneveld91@cocolog-nifty.com,Genderfluid,24.90.24.83
327,Stu,Nys,snys92@constantcontact.com,Genderqueer,45.149.98.174
328,Niel,Sheirlaw,nsheirlaw93@utexas.edu,Genderqueer,231.82.32.47
329,Christoforo,Chinnock,cchinnock94@vkontakte.ru,Female,249.204.60.152
330,Hollyanne,Winfield,hwinfield95@homestead.com,Genderqueer,164.60.185.97
331,Ellary,Zannotti,ezannotti96@w3.org,Non-binary,215.160.36.202
332,Tammie,Beeck,tbeeck97@japanpost.jp,Female,116.8.229.82
333,Magdaia,Alibone,malibone98@tripod.com,Agender,252.203.87.157
334,Hally,Clacson,hclacson99@surveymonkey.com,Male,96.251.177.156
335,Florina,Rickerby,frickerby9a@netscape.com,Agender,11.131.214.80
336,Wain,MacCathay,wmaccathay9b@studiopress.com,Non-binary,65.24.129.186
337,Faith,Bendle,fbendle9c@arizona.edu,Genderfluid,78.61.127.250
338,Adelind,Episcopi,aepiscopi9d@addthis.com,Bigender,156.234.33.115
339,Elaine,Tenman,etenman9e@miibeian.gov.cn,Non-binary,77.38.167.255
340,Dianne,Lelliott,dlelliott9f@so-net.ne.jp,Polygender,136.213.200.25
341,Gunner,Cromblehome,gcromblehome9g@about.com,Non-binary,107.12.167.254
342,Berty,Nucci,bnucci9h@smh.com.au,Genderfluid,139.225.117.216
343,Marcellus,Jacquemot,mjacquemot9i@mysql.com,Bigender,216.212.138.189
344,Krissy,Oattes,koattes9j@posterous.com,Male,79.182.56.60
345,Kennedy,Sambath,ksambath9k@amazon.co.jp,Polygender,141.75.223.27
346,Diane,Sowley,dsowley9l@google.pl,Agender,224.206.249.63
347,Karena,Garnett,kgarnett9m@who.int,Agender,29.206.54.123
348,Hedwiga,Cholmondeley,hcholmondeley9n@odnoklassniki.ru,Bigender,141.83.64.102
349,Rey,Lockhead,rlockhead9o@lulu.com,Agender,88.45.190.186
350,Elisha,Scaice,escaice9p@mail.ru,Male,90.197.54.198
351,Noland,Pischoff,npischoff9q@discuz.net,Female,220.170.157.199
352,Minne,Domotor,mdomotor9r@noaa.gov,Non-binary,87.112.163.200
353,Breanne,Piddlehinton,bpiddlehinton9s@cargocollective.com,Genderqueer,247.236.136.58
354,Richmound,Philippault,rphilippault9t@soup.io,Genderfluid,157.83.2.117
355,Beret,Hughes,bhughes9u@acquirethisname.com,Agender,85.240.85.114
356,Rog,Falck,rfalck9v@nyu.edu,Polygender,241.33.5.190
357,Karleen,Fawkes,kfawkes9w@godaddy.com,Genderqueer,148.83.227.96
358,Vivyan,Melesk,vmelesk9x@miitbeian.gov.cn,Female,98.231.4.146
359,Ossie,Mainstone,omainstone9y@thetimes.co.uk,Genderqueer,127.184.126.17
360,Constancia,Exell,cexell9z@amazon.co.jp,Polygender,91.81.127.113
361,Lock,Blincoe,lblincoea0@netlog.com,Genderqueer,154.102.31.227
362,Abbie,Copeland,acopelanda1@qq.com,Polygender,85.21.254.22
363,Trueman,Knight,tknighta2@imageshack.us,Genderfluid,12.224.251.9
364,Conni,Lyness,clynessa3@fema.gov,Genderfluid,96.93.35.83
365,Avrom,Madge,amadgea4@google.com.br,Male,176.207.252.67
366,Henka,Kinnin,hkinnina5@nytimes.com,Polygender,62.245.189.230
367,Elicia,Doumic,edoumica6@indiegogo.com,Polygender,126.29.17.57
368,Ogdon,Hasted,ohasteda7@pen.io,Male,6.237.178.37
369,Lila,Winnard,lwinnarda8@dyndns.org,Non-binary,218.49.228.110
370,Jolynn,Tendahl,jtendahla9@google.fr,Genderfluid,191.34.19.208
371,Annabella,Quarles,aquarlesaa@ftc.gov,Genderqueer,121.203.185.72
372,Adele,Izaac,aizaacab@hhs.gov,Bigender,193.162.160.30
373,Ronni,Macconachy,rmacconachyac@ifeng.com,Bigender,113.118.147.229
374,Cammi,Giovanizio,cgiovanizioad@etsy.com,Bigender,135.69.37.164
375,Rabi,Goldster,rgoldsterae@unesco.org,Polygender,44.121.148.124
376,Amalle,Isted,aistedaf@epa.gov,Genderfluid,51.212.103.42
377,Terza,Amos,tamosag@sakura.ne.jp,Polygender,133.92.242.74
378,Norbie,Holborn,nholbornah@nationalgeographic.com,Agender,21.242.252.212
379,Odessa,Arlett,oarlettai@cdc.gov,Genderqueer,48.51.171.226
380,Daphene,Dickson,ddicksonaj@jigsy.com,Genderfluid,180.167.98.15
381,Dillie,Eunson,deunsonak@yale.edu,Female,27.46.211.37
382,Ruttger,Farrah,rfarrahal@php.net,Genderqueer,194.30.53.151
383,Niki,Ferie,nferieam@themeforest.net,Genderqueer,102.29.205.28
384,Reggie,Ollin,rollinan@behance.net,Agender,108.146.78.143
385,Barb,Helliar,bhelliarao@issuu.com,Male,159.91.116.149
386,Barbabra,Pedlingham,bpedlinghamap@wikipedia.org,Genderfluid,150.8.151.148
387,Bobby,Godilington,bgodilingtonaq@cnet.com,Bigender,55.85.44.171
388,Marinna,Melrose,mmelrosear@netscape.com,Genderfluid,199.82.10.210
389,Winifred,Pidgley,wpidgleyas@vk.com,Genderqueer,11.233.123.232
390,Nefen,Methven,nmethvenat@elegantthemes.com,Agender,50.248.242.181
391,Moreen,Waycott,mwaycottau@disqus.com,Genderfluid,177.12.177.203
392,Bobbie,Meni,bmeniav@auda.org.au,Genderfluid,110.81.71.70
393,Selig,Mannagh,smannaghaw@sciencedaily.com,Female,104.17.62.115
394,Aggy,Danko,adankoax@tamu.edu,Genderfluid,70.240.4.93
395,Nico,Brinkley,nbrinkleyay@phpbb.com,Genderfluid,34.59.18.59
396,Kendricks,O'Shirine,koshirineaz@ezinearticles.com,Agender,11.44.111.35
397,Stafani,Seilmann,sseilmannb0@symantec.com,Genderqueer,159.50.134.153
398,Vergil,Messier,vmessierb1@zdnet.com,Male,79.141.27.63
399,Filberte,Halley,fhalleyb2@mozilla.org,Male,102.44.255.124
400,Ronny,Daughton,rdaughtonb3@mozilla.org,Genderqueer,29.50.94.247
401,Mireille,Pailin,mpailinb4@mashable.com,Polygender,97.37.189.66
402,Sonnie,Espada,sespadab5@youtube.com,Male,69.182.15.29
403,Pierre,Paquet,ppaquetb6@washingtonpost.com,Polygender,226.19.75.80
404,Fairlie,Golley,fgolleyb7@google.es,Genderqueer,18.10.138.34
405,Llywellyn,Saxelby,lsaxelbyb8@instagram.com,Agender,55.231.252.43
406,Petrina,Georgel,pgeorgelb9@yelp.com,Bigender,137.43.138.248
407,Greta,De Angelis,gdeangelisba@chicagotribune.com,Polygender,227.85.14.43
408,Nikita,Agutter,nagutterbb@domainmarket.com,Male,215.35.126.170
409,Lane,Grint,lgrintbc@weibo.com,Agender,90.90.222.66
410,Ashbey,Harnwell,aharnwellbd@qq.com,Male,11.141.136.134
411,Nelle,Sheilds,nsheildsbe@mayoclinic.com,Male,202.10.39.133
412,Danella,Sturte,dsturtebf@icq.com,Polygender,61.194.173.66
413,Charles,Kleinholz,ckleinholzbg@wikia.com,Genderqueer,80.63.146.78
414,Bobbee,Brunning,bbrunningbh@hexun.com,Male,200.129.104.143
415,Rosina,Gounard,rgounardbi@discuz.net,Genderqueer,122.244.58.109
416,Josephine,Iacovazzi,jiacovazzibj@woothemes.com,Genderfluid,30.10.65.37
417,Beauregard,Quidenham,bquidenhambk@springer.com,Non-binary,242.132.61.155
418,Alexine,Gowen,agowenbl@themeforest.net,Agender,252.4.243.88
419,Burg,Farens,bfarensbm@google.co.uk,Agender,199.162.143.110
420,Lory,Marcham,lmarchambn@uiuc.edu,Bigender,58.8.64.242
421,Ford,Skingley,fskingleybo@msu.edu,Female,128.115.85.146
422,Linda,Prosch,lproschbp@rakuten.co.jp,Bigender,139.242.116.157
423,Bart,Adamowitz,badamowitzbq@accuweather.com,Agender,172.47.240.200
424,Lezley,Branney,lbranneybr@google.de,Agender,38.34.79.115
425,Grant,McConigal,gmcconigalbs@nps.gov,Agender,97.215.51.251
426,Rea,Ulyatt,rulyattbt@mtv.com,Non-binary,143.135.235.240
427,Vladimir,Guise,vguisebu@naver.com,Bigender,163.239.137.188
428,Morganne,Ell,mellbv@amazon.co.jp,Genderqueer,10.35.54.196
429,Charlie,Stiffell,cstiffellbw@bloomberg.com,Non-binary,6.74.241.63
430,Tillie,Phippin,tphippinbx@wikia.com,Female,83.154.144.94
431,Freddy,Straneo,fstraneoby@microsoft.com,Female,48.25.208.236
432,Cliff,Goldine,cgoldinebz@shutterfly.com,Genderqueer,192.211.92.20
433,Haven,Kernell,hkernellc0@gnu.org,Non-binary,47.127.131.200
434,Latrena,Rides,lridesc1@ezinearticles.com,Non-binary,107.69.116.145
435,Mendel,Serjeant,mserjeantc2@un.org,Genderfluid,123.144.216.207
436,Reggie,Bremley,rbremleyc3@ft.com,Polygender,237.109.194.188
437,Kassi,Spadotto,kspadottoc4@flavors.me,Non-binary,191.4.97.135
438,Jesse,Sleite,jsleitec5@hibu.com,Male,90.40.138.15
439,Gunter,Wavish,gwavishc6@w3.org,Male,4.18.3.145
440,Vinita,Wilce,vwilcec7@i2i.jp,Polygender,113.97.45.56
441,Kathe,MacInherney,kmacinherneyc8@pcworld.com,Genderqueer,220.119.162.242
442,Grace,Broinlich,gbroinlichc9@nyu.edu,Bigender,135.22.12.166
443,Heidi,Cashman,hcashmanca@ebay.com,Agender,225.2.159.2
444,Sashenka,Gouldthorp,sgouldthorpcb@sitemeter.com,Bigender,116.249.53.87
445,Jade,Wilprecht,jwilprechtcc@baidu.com,Polygender,198.250.187.249
446,Shellie,Bagniuk,sbagniukcd@techcrunch.com,Genderfluid,160.94.134.237
447,Claybourne,Kiff,ckiffce@google.com.br,Genderqueer,100.142.16.32
448,Aurora,Imm,aimmcf@timesonline.co.uk,Bigender,202.100.161.83
449,Ginnifer,Edes,gedescg@storify.com,Agender,76.108.45.94
450,Alexi,MacIlriach,amacilriachch@de.vu,Male,176.11.121.5
451,Margareta,Twelves,mtwelvesci@examiner.com,Bigender,47.174.66.77
452,Esmeralda,Ruoss,eruosscj@twitpic.com,Polygender,152.67.249.129
453,Cammy,Slimmon,cslimmonck@yandex.ru,Non-binary,192.90.25.205
454,Hortense,Bethel,hbethelcl@ox.ac.uk,Female,56.176.227.202
455,Dwight,McIver,dmcivercm@facebook.com,Female,135.144.204.89
456,Nicolais,Alday,naldaycn@barnesandnoble.com,Male,206.148.174.67
457,Nat,Casajuana,ncasajuanaco@umn.edu,Genderqueer,215.155.197.95
458,Hermione,Grabb,hgrabbcp@eventbrite.com,Polygender,24.109.210.206
459,Hinze,Francescoccio,hfrancescocciocq@mac.com,Bigender,43.216.114.143
460,Ardisj,Tindle,atindlecr@icio.us,Polygender,129.199.117.174
461,Iorgo,Kynsey,ikynseycs@sourceforge.net,Bigender,75.232.63.70
462,Keary,Trevaskiss,ktrevaskissct@ameblo.jp,Polygender,112.185.167.71
463,Sutherlan,Stood,sstoodcu@answers.com,Genderfluid,245.82.113.77
464,Ivette,Hullah,ihullahcv@smh.com.au,Bigender,176.159.120.207
465,Adda,Syers,asyerscw@artisteer.com,Genderfluid,39.79.102.16
466,Morgan,Belf,mbelfcx@apple.com,Genderfluid,46.253.20.28
467,Shermie,Szymczyk,sszymczykcy@webmd.com,Female,216.148.95.112
468,Marigold,Tidridge,mtidridgecz@google.de,Non-binary,87.210.241.133
469,Jefferey,Fisby,jfisbyd0@360.cn,Polygender,221.154.237.99
470,Tatiana,Pilmoor,tpilmoord1@psu.edu,Female,7.236.88.5
471,Jayson,Ackers,jackersd2@yellowpages.com,Male,156.213.135.206
472,Owen,McCathie,omccathied3@clickbank.net,Non-binary,108.11.97.60
473,Ignaz,Elgie,ielgied4@cisco.com,Non-binary,109.143.99.124
474,Lowe,Linton,llintond5@marriott.com,Genderqueer,207.252.117.44
475,Kippar,Conrard,kconrardd6@accuweather.com,Genderfluid,188.234.33.53
476,Anet,Balke,abalked7@constantcontact.com,Polygender,240.25.225.7
477,Adore,Balaisot,abalaisotd8@opensource.org,Female,21.156.132.48
478,Meara,Laidel,mlaideld9@blogger.com,Non-binary,67.115.34.250
479,Magdalena,Mustchin,mmustchinda@netscape.com,Female,61.85.132.163
480,Pacorro,Batie,pbatiedb@dyndns.org,Male,166.100.43.167
481,Jedediah,Fiske,jfiskedc@time.com,Female,82.221.136.65
482,Agretha,Dyne,adynedd@nyu.edu,Genderfluid,191.67.68.78
483,Omero,Nortcliffe,onortcliffede@rambler.ru,Bigender,93.238.81.18
484,Keslie,Cloney,kcloneydf@comcast.net,Male,69.212.241.125
485,Brandtr,Balmforth,bbalmforthdg@phoca.cz,Genderqueer,23.151.212.61
486,Emmeline,Orrow,eorrowdh@goodreads.com,Bigender,171.178.222.50
487,Hughie,Harrhy,hharrhydi@tmall.com,Genderqueer,220.220.162.22
488,Jessika,Shera,jsheradj@virginia.edu,Polygender,56.165.152.76
489,Raven,Shadwick,rshadwickdk@pcworld.com,Female,33.118.194.144
490,Auberon,Gaber,agaberdl@aol.com,Female,250.205.2.218
491,Eliza,Bollins,ebollinsdm@forbes.com,Genderqueer,117.26.143.5
492,Erma,Chaney,echaneydn@nbcnews.com,Non-binary,243.4.246.230
493,Caresa,Leel,cleeldo@earthlink.net,Genderqueer,165.91.43.215
494,Haslett,Kopke,hkopkedp@multiply.com,Female,157.14.186.149
495,Farica,Aylin,faylindq@naver.com,Polygender,91.216.159.148
496,Ree,McKeurtan,rmckeurtandr@unicef.org,Polygender,129.182.80.125
497,Kincaid,Sartain,ksartainds@dagondesign.com,Genderfluid,113.197.100.158
498,Dicky,Philippson,dphilippsondt@google.de,Genderqueer,167.131.100.3
499,Rafaelia,Weatherill,rweatherilldu@skyrock.com,Polygender,36.143.31.166
500,Dominick,Dahill,ddahilldv@ustream.tv,Male,196.248.184.182
501,Kippy,Fennelly,kfennellydw@hp.com,Non-binary,50.155.20.116
502,Kimberli,Gethings,kgethingsdx@discovery.com,Bigender,254.237.207.153
503,Eugenia,Pigott,epigottdy@usatoday.com,Female,30.85.187.224
504,Salim,Accum,saccumdz@wikia.com,Non-binary,122.171.159.73
505,Gabrielle,Scorah,gscorahe0@berkeley.edu,Bigender,18.108.209.238
506,Stuart,Clissold,sclissolde1@cmu.edu,Genderfluid,224.198.63.4
507,Frederico,Dory,fdorye2@tamu.edu,Non-binary,197.104.93.202
508,Benjy,Fulleylove,bfulleylovee3@foxnews.com,Bigender,36.235.191.226
509,Myron,Trapp,mtrappe4@patch.com,Genderfluid,82.56.87.53
510,Roselia,Ibert,riberte5@nps.gov,Polygender,89.247.252.19
511,Woodman,Claiton,wclaitone6@sitemeter.com,Agender,14.3.242.122
512,Gerrard,Roseaman,groseamane7@who.int,Genderfluid,12.4.160.88
513,Etty,Stickens,estickense8@weibo.com,Bigender,207.222.156.151
514,Brynn,Codrington,bcodringtone9@hc360.com,Female,114.69.100.2
515,Edouard,Bostock,ebostockea@devhub.com,Polygender,145.130.241.79
516,Elladine,Behr,ebehreb@mediafire.com,Male,44.227.26.248
517,Tish,Whiteley,twhiteleyec@goo.ne.jp,Genderqueer,185.103.149.215
518,Katusha,Heinzler,kheinzlered@tripadvisor.com,Male,16.66.46.207
519,Carce,Egar,cegaree@ocn.ne.jp,Genderqueer,136.59.49.114
520,Shelby,Grim,sgrimef@360.cn,Polygender,111.117.32.167
521,Killie,Balcon,kbalconeg@woothemes.com,Genderfluid,235.199.117.100
522,Charis,Myrkus,cmyrkuseh@shutterfly.com,Bigender,164.21.45.35
523,Chrysler,Piner,cpinerei@freewebs.com,Genderfluid,182.173.210.185
524,Homere,Driscoll,hdriscollej@bing.com,Genderqueer,144.112.86.114
525,Cristin,Foulgham,cfoulghamek@marriott.com,Female,10.2.196.3
526,Glenda,Gainsboro,ggainsboroel@canalblog.com,Genderqueer,7.25.51.196
527,Elicia,Lamerton,elamertonem@yale.edu,Polygender,76.6.12.162
528,Ruby,Loveitt,rloveitten@desdev.cn,Agender,206.235.59.97
529,Violante,Burmingham,vburminghameo@t-online.de,Non-binary,89.179.108.15
530,Blake,Kear,bkearep@vkontakte.ru,Bigender,114.133.42.121
531,Livvyy,Vicar,lvicareq@weibo.com,Bigender,98.171.47.121
532,Reinaldos,Tolmie,rtolmieer@princeton.edu,Genderqueer,4.159.193.208
533,Del,Epple,depplees@digg.com,Male,225.48.154.190
534,Demetria,Fearnyough,dfearnyoughet@examiner.com,Non-binary,93.136.55.140
535,Max,Mityukov,mmityukoveu@biglobe.ne.jp,Genderfluid,33.132.146.203
536,Nick,Dodridge,ndodridgeev@tmall.com,Genderfluid,251.27.99.237
537,Janie,Magwood,jmagwoodew@vk.com,Polygender,110.178.19.97
538,Briano,Lehon,blehonex@opensource.org,Agender,165.198.21.77
539,Theadora,Bloschke,tbloschkeey@typepad.com,Genderfluid,92.151.180.59
540,Zelma,Whawell,zwhawellez@chicagotribune.com,Female,215.82.37.63
541,Ephraim,Firby,efirbyf0@goo.gl,Bigender,4.115.117.24
542,Quincey,Denton,qdentonf1@sakura.ne.jp,Bigender,247.216.238.135
543,Anatola,Bachura,abachuraf2@rediff.com,Genderfluid,157.4.72.184
544,Dion,Ducker,dduckerf3@discuz.net,Non-binary,240.199.153.201
545,Steven,Huitson,shuitsonf4@newyorker.com,Genderqueer,127.248.102.71
546,Mariette,Fincham,mfinchamf5@usnews.com,Agender,230.25.87.67
547,Gabey,Ciobotaro,gciobotarof6@creativecommons.org,Genderqueer,29.243.25.124
548,Bambi,Tyson,btysonf7@github.io,Polygender,76.3.116.76
549,Querida,Kabsch,qkabschf8@github.com,Genderqueer,100.195.83.25
550,Harlan,Gosalvez,hgosalvezf9@yolasite.com,Non-binary,98.253.74.24
551,Starlin,Van Merwe,svanmerwefa@opensource.org,Non-binary,168.224.153.96
552,Gery,Rewan,grewanfb@sakura.ne.jp,Bigender,218.19.209.92
553,Gavan,Gready,ggreadyfc@blogspot.com,Male,244.163.209.58
554,Cirstoforo,Edgson,cedgsonfd@microsoft.com,Non-binary,204.218.8.70
555,Dale,Mechic,dmechicfe@hibu.com,Genderfluid,247.34.20.224
556,Lucienne,Sharkey,lsharkeyff@wikispaces.com,Female,42.86.150.121
557,Alexei,Dunne,adunnefg@fotki.com,Genderqueer,213.153.191.46
558,Felike,Bewley,fbewleyfh@amazonaws.com,Genderfluid,239.244.231.39
559,Pen,Arkle,parklefi@yolasite.com,Polygender,27.109.63.190
560,Coralyn,Braysher,cbraysherfj@usatoday.com,Male,93.93.37.234
561,Avram,Tremoille,atremoillefk@fema.gov,Male,124.31.200.237
562,Reagan,Dundredge,rdundredgefl@cisco.com,Bigender,240.102.53.178
563,Berty,Casoni,bcasonifm@blog.com,Genderfluid,137.55.186.149
564,Rosalia,Rymmer,rrymmerfn@thetimes.co.uk,Male,68.235.139.106
565,Fabien,Madgewick,fmadgewickfo@spiegel.de,Bigender,249.250.43.133
566,Lucretia,Cressey,lcresseyfp@noaa.gov,Non-binary,186.68.128.71
567,Revkah,Montacute,rmontacutefq@scribd.com,Polygender,117.193.173.207
568,Ralina,Linder,rlinderfr@irs.gov,Female,47.110.246.248
569,Kahaleel,Pearmine,kpearminefs@auda.org.au,Non-binary,215.112.155.15
570,Romonda,Klus,rklusft@usda.gov,Polygender,189.133.247.199
571,Roda,Lassell,rlassellfu@wordpress.com,Female,186.189.217.146
572,Celestia,Timoney,ctimoneyfv@ca.gov,Female,118.141.121.154
573,Briney,Fahy,bfahyfw@timesonline.co.uk,Genderqueer,149.49.67.55
574,Giulia,Curmi,gcurmifx@apple.com,Polygender,3.45.117.151
575,Marybelle,Sayle,msaylefy@facebook.com,Genderfluid,87.90.149.234
576,Elmo,Lutwyche,elutwychefz@ustream.tv,Genderfluid,220.46.48.213
577,Cathyleen,Traise,ctraiseg0@github.io,Bigender,104.120.102.79
578,Devi,Cyson,dcysong1@csmonitor.com,Genderfluid,255.224.187.119
579,Gigi,Holworth,gholworthg2@reverbnation.com,Polygender,129.44.155.128
580,Sayer,Berni,sbernig3@deviantart.com,Non-binary,129.0.145.110
581,Garry,Jezzard,gjezzardg4@uol.com.br,Genderfluid,166.75.50.184
582,Selle,Storry,sstorryg5@wisc.edu,Polygender,149.173.24.101
583,Ingra,Osgar,iosgarg6@google.com,Polygender,84.239.144.184
584,Roman,Gammie,rgammieg7@howstuffworks.com,Bigender,70.177.169.124
585,Carole,Biddulph,cbiddulphg8@who.int,Male,201.210.141.59
586,Jonas,Borrett,jborrettg9@ebay.com,Agender,21.74.60.120
587,Stephie,Cribbins,scribbinsga@marketwatch.com,Bigender,93.46.246.95
588,Garwood,Achromov,gachromovgb@dyndns.org,Male,90.57.192.134
589,Vanya,Likely,vlikelygc@w3.org,Bigender,218.67.178.135
590,Eberto,Bartoszinski,ebartoszinskigd@jugem.jp,Male,57.94.165.148
591,Rickert,MacMurray,rmacmurrayge@sohu.com,Agender,254.53.235.201
592,Peg,Crawshay,pcrawshaygf@nytimes.com,Female,35.82.99.178
593,Andras,Gameson,agamesongg@exblog.jp,Female,218.14.145.4
594,Morey,Stallibrass,mstallibrassgh@mysql.com,Agender,143.216.172.111
595,Beale,Thireau,bthireaugi@digg.com,Non-binary,227.149.130.249
596,Jdavie,Placstone,jplacstonegj@zimbio.com,Non-binary,245.89.19.228
597,Shirley,Mansour,smansourgk@google.es,Agender,39.102.147.111
598,Rita,Lumby,rlumbygl@ameblo.jp,Bigender,143.221.130.5
599,Valerie,Domanski,vdomanskigm@alibaba.com,Bigender,232.190.235.99
600,Esmaria,Dinsey,edinseygn@twitter.com,Female,223.203.79.204
601,Lisabeth,Hebborne,lhebbornego@constantcontact.com,Female,216.147.52.182
602,Perceval,Drife,pdrifegp@sitemeter.com,Agender,213.16.201.189
603,Lidia,Merkle,lmerklegq@sciencedaily.com,Genderfluid,61.244.148.85
604,Joel,Flewitt,jflewittgr@ftc.gov,Genderqueer,19.39.132.239
605,Dottie,Emblow,demblowgs@taobao.com,Genderfluid,189.241.171.171
606,Carin,Terram,cterramgt@admin.ch,Polygender,36.73.1.13
607,Xenia,Guenther,xguenthergu@samsung.com,Female,214.179.164.97
608,Welch,Chipperfield,wchipperfieldgv@businesswire.com,Male,148.171.29.86
609,Belicia,Kemshell,bkemshellgw@time.com,Genderfluid,146.73.183.127
610,Morena,Verbeek,mverbeekgx@upenn.edu,Genderqueer,183.213.201.134
611,Ardella,Toft,atoftgy@mashable.com,Bigender,2.137.227.27
612,Bryn,Letchmore,bletchmoregz@japanpost.jp,Genderfluid,173.77.14.205
613,Dore,Recke,dreckeh0@w3.org,Male,185.193.3.242
614,Silvain,Barukh,sbarukhh1@merriam-webster.com,Agender,65.181.97.77
615,Valentine,Harkes,vharkesh2@jimdo.com,Polygender,140.31.236.23
616,Gerladina,Leslie,gleslieh3@over-blog.com,Female,19.155.137.206
617,Harriot,Brydon,hbrydonh4@dailymail.co.uk,Genderqueer,218.35.79.63
618,Vladamir,Sheryn,vsherynh5@ucoz.com,Agender,118.156.85.215
619,Ximenes,Piele,xpieleh6@ow.ly,Genderfluid,2.21.68.95
620,Susy,Brient,sbrienth7@flickr.com,Genderfluid,255.253.142.52
621,Saraann,Kuhnt,skuhnth8@ustream.tv,Polygender,235.47.137.95
622,Murdoch,Yukhnevich,myukhnevichh9@google.ru,Polygender,243.48.163.38
623,Hammad,Bellord,hbellordha@phpbb.com,Agender,130.160.160.145
624,Karie,Viney,kvineyhb@google.com.br,Genderfluid,52.139.119.76
625,Crystal,Bushen,cbushenhc@sina.com.cn,Agender,65.55.154.124
626,Mallorie,Millett,mmilletthd@reverbnation.com,Bigender,153.0.203.175
627,Petra,Glide,pglidehe@dagondesign.com,Genderqueer,90.222.30.154
628,Ruggiero,Gemmill,rgemmillhf@addthis.com,Non-binary,207.36.202.247
629,Hally,Camin,hcaminhg@privacy.gov.au,Male,74.206.125.98
630,Margaux,Sherborne,msherbornehh@rediff.com,Female,118.8.206.193
631,Eugenie,Lovart,elovarthi@dailymail.co.uk,Female,28.92.15.90
632,Mina,Cromie,mcromiehj@1und1.de,Female,116.150.112.227
633,Junia,Probbings,jprobbingshk@walmart.com,Agender,220.178.181.124
634,Fleur,Pringell,fpringellhl@slate.com,Female,30.58.71.220
635,Lesley,Eldridge,leldridgehm@timesonline.co.uk,Genderfluid,243.197.200.236
636,Anet,Dincke,adinckehn@nasa.gov,Male,115.218.165.253
637,Maxy,Cottier,mcottierho@illinois.edu,Agender,95.23.104.34
638,Iago,Dunan,idunanhp@wunderground.com,Genderfluid,80.198.85.107
639,Shana,Renhard,srenhardhq@i2i.jp,Male,5.28.195.221
640,Dorisa,Whetson,dwhetsonhr@illinois.edu,Female,255.57.228.135
641,Rene,Cosstick,rcosstickhs@about.me,Genderfluid,60.1.88.192
642,Abelard,Ledwitch,aledwitchht@latimes.com,Polygender,208.252.22.38
643,Talya,Bibbie,tbibbiehu@reuters.com,Non-binary,253.66.138.234
644,Costa,Grindrod,cgrindrodhv@cbslocal.com,Agender,218.14.102.173
645,Jilli,Antonioni,jantonionihw@java.com,Polygender,142.185.4.7
646,Brandy,Paliser,bpaliserhx@livejournal.com,Bigender,73.13.150.99
647,Colin,Cammack,ccammackhy@va.gov,Genderqueer,20.11.213.106
648,Bertrando,Conquest,bconquesthz@merriam-webster.com,Genderqueer,62.221.200.143
649,Emory,Hasslocher,ehasslocheri0@myspace.com,Male,249.185.134.169
650,Laughton,O' Loughran,loloughrani1@baidu.com,Agender,71.104.154.33
651,Fallon,Harce,fharcei2@pen.io,Genderfluid,169.45.76.177
652,Nichol,Gowanson,ngowansoni3@hexun.com,Bigender,95.6.164.166
653,Josh,Ivatt,jivatti4@creativecommons.org,Genderqueer,183.14.173.163
654,Sofie,Renzo,srenzoi5@whitehouse.gov,Male,83.177.116.129
655,Curcio,Thoresbie,cthoresbiei6@list-manage.com,Male,175.80.49.20
656,Eadith,Laborda,elabordai7@cnet.com,Genderfluid,153.12.41.29
657,Pavlov,Jedrysik,pjedrysiki8@163.com,Male,186.103.32.179
658,Rubi,Lambrechts,rlambrechtsi9@miibeian.gov.cn,Non-binary,243.232.163.7
659,Catriona,Maudsley,cmaudsleyia@1und1.de,Male,188.91.206.255
660,Hamilton,Mackerness,hmackernessib@cbsnews.com,Female,208.68.174.102
661,Hugh,Pallesen,hpallesenic@scribd.com,Genderqueer,60.199.250.57
662,Ardeen,Frondt,afrondtid@friendfeed.com,Genderfluid,116.122.97.28
663,Isaak,Moulsdall,imoulsdallie@t.co,Female,180.136.69.245
664,Dill,Deschlein,ddeschleinif@jimdo.com,Agender,81.104.216.151
665,Oswald,Skinley,oskinleyig@instagram.com,Bigender,21.151.128.1
666,Gwendolin,Domesday,gdomesdayih@cornell.edu,Polygender,175.24.85.110
667,Valeria,Skillington,vskillingtonii@spiegel.de,Non-binary,194.183.28.250
668,Atlanta,Willars,awillarsij@ocn.ne.jp,Agender,141.83.72.147
669,Geri,Ortiger,gortigerik@dedecms.com,Polygender,160.247.172.129
670,Bert,Groven,bgrovenil@shareasale.com,Bigender,16.24.124.246
671,Orella,Atwater,oatwaterim@mediafire.com,Genderfluid,153.245.12.136
672,Perice,Kryszka,pkryszkain@xinhuanet.com,Polygender,210.50.69.201
673,Aundrea,Burrel,aburrelio@lycos.com,Agender,213.223.21.230
674,Steve,Bailiss,sbailissip@fda.gov,Bigender,150.179.123.43
675,Louella,Sheldrick,lsheldrickiq@purevolume.com,Genderfluid,179.214.14.131
676,Nap,Grunbaum,ngrunbaumir@networksolutions.com,Male,100.26.132.118
677,Seumas,Aksell,saksellis@networkadvertising.org,Genderfluid,190.58.94.232
678,Emelen,Scotchbourouge,escotchbourougeit@amazonaws.com,Genderfluid,127.64.145.87
679,Obidiah,Jewster,ojewsteriu@cisco.com,Female,153.224.232.103
680,Godart,Varey,gvareyiv@theguardian.com,Bigender,131.14.144.123
681,Ardys,Aven,aaveniw@spiegel.de,Male,151.103.91.159
682,Gordan,Clyburn,gclyburnix@gov.uk,Agender,23.164.39.212
683,Mollie,Fanstone,mfanstoneiy@cnn.com,Non-binary,141.107.30.81
684,Innis,Gettins,igettinsiz@webnode.com,Polygender,17.5.208.35
685,Alexina,Vouls,avoulsj0@free.fr,Female,82.111.44.80
686,Barde,Skyner,bskynerj1@vk.com,Non-binary,172.244.194.179
687,Renaud,Ghidelli,rghidellij2@youku.com,Bigender,184.28.30.20
688,Steffane,Woolgar,swoolgarj3@dot.gov,Male,97.133.6.222
689,Stephi,Van Daalen,svandaalenj4@dropbox.com,Female,250.140.229.138
690,Wernher,Prene,wprenej5@indiatimes.com,Male,74.162.169.52
691,Horten,Romayn,hromaynj6@networksolutions.com,Non-binary,210.5.11.120
692,Jorey,Offield,joffieldj7@w3.org,Female,79.36.233.146
693,Terrye,Brudenell,tbrudenellj8@printfriendly.com,Polygender,241.14.26.55
694,Travis,Lyes,tlyesj9@people.com.cn,Polygender,7.151.35.115
695,Chery,Bartocci,cbartoccija@unc.edu,Genderfluid,107.163.212.197
696,Bess,Fishlock,bfishlockjb@seesaa.net,Female,126.135.61.96
697,Adair,Simonds,asimondsjc@china.com.cn,Genderqueer,51.51.105.242
698,Keri,Treweke,ktrewekejd@shop-pro.jp,Polygender,99.147.80.10
699,Herculie,Karlolak,hkarlolakje@facebook.com,Polygender,221.9.14.249
700,Merell,Gerauld,mgerauldjf@npr.org,Genderqueer,83.234.195.240
701,Kimble,Dolden,kdoldenjg@usgs.gov,Non-binary,96.25.141.30
702,Karlyn,Ludwikiewicz,kludwikiewiczjh@archive.org,Non-binary,104.95.150.107
703,Jdavie,Paaso,jpaasoji@google.ru,Non-binary,60.51.221.137
704,Minnie,Savile,msavilejj@networksolutions.com,Genderqueer,239.23.238.41
705,Clarence,Petti,cpettijk@indiegogo.com,Male,53.67.40.221
706,Sheila,Greenslade,sgreensladejl@i2i.jp,Genderfluid,216.27.198.60
707,Tadio,Puleston,tpulestonjm@free.fr,Male,107.13.20.118
708,Rainer,Rillstone,rrillstonejn@spiegel.de,Male,111.180.112.58
709,Joyous,Inge,jingejo@is.gd,Male,36.128.246.215
710,Freda,Eveling,fevelingjp@weibo.com,Genderfluid,172.151.231.232
711,Hernando,Woollett,hwoollettjq@simplemachines.org,Genderqueer,86.22.235.48
712,Olivier,Ruler,orulerjr@theatlantic.com,Polygender,46.140.124.23
713,Rube,Veld,rveldjs@ebay.co.uk,Genderfluid,243.176.121.25
714,Peg,Housden,phousdenjt@csmonitor.com,Non-binary,147.42.223.168
715,Obadiah,Heining,oheiningju@tripod.com,Agender,148.254.206.90
716,Sherman,Pavlov,spavlovjv@squarespace.com,Male,24.113.168.46
717,Iggie,Dawtrey,idawtreyjw@apache.org,Non-binary,202.67.122.79
718,Cacilia,Warstall,cwarstalljx@narod.ru,Polygender,154.146.204.60
719,Yovonnda,Revitt,yrevittjy@plala.or.jp,Genderqueer,162.110.58.104
720,Winona,Lorkin,wlorkinjz@123-reg.co.uk,Bigender,78.255.194.126
721,Cassandry,O'Grogane,cogroganek0@amazon.com,Agender,151.87.243.111
722,Fayre,Amis,famisk1@mlb.com,Genderfluid,0.76.163.197
723,Dill,Ceschelli,dceschellik2@clickbank.net,Non-binary,165.32.187.25
724,Ileana,Jeffryes,ijeffryesk3@berkeley.edu,Non-binary,201.28.244.85
725,Sharon,MacMichael,smacmichaelk4@eepurl.com,Male,169.245.195.228
726,Ilario,Haitlie,ihaitliek5@amazon.com,Female,219.179.121.111
727,Emelyne,Hatt,ehattk6@cam.ac.uk,Female,71.214.36.205
728,Emera,Twitching,etwitchingk7@hc360.com,Agender,206.123.51.235
729,Nicol,Miche,nmichek8@dropbox.com,Polygender,11.73.15.190
730,Nealy,Tokell,ntokellk9@walmart.com,Male,181.119.187.237
731,Jennilee,Colquyte,jcolquyteka@aboutads.info,Male,203.10.25.100
732,Mead,Faunt,mfauntkb@joomla.org,Non-binary,62.23.232.222
733,Jobi,Brammall,jbrammallkc@sakura.ne.jp,Genderqueer,0.89.196.196
734,Carolina,Firbanks,cfirbankskd@newsvine.com,Bigender,70.248.172.107
735,Kit,Kinnane,kkinnaneke@istockphoto.com,Genderfluid,220.122.51.154
736,Rossie,Birchall,rbirchallkf@china.com.cn,Agender,118.210.59.224
737,Farrel,L' Estrange,flestrangekg@jalbum.net,Agender,104.2.234.171
738,Regen,Rubartelli,rrubartellikh@google.com.br,Non-binary,44.110.208.193
739,Sylvia,Donizeau,sdonizeauki@yandex.ru,Genderqueer,100.41.217.50
740,Stoddard,Francescuzzi,sfrancescuzzikj@deviantart.com,Genderfluid,236.254.5.157
741,Fiann,Grimmolby,fgrimmolbykk@instagram.com,Non-binary,232.118.79.66
742,Lenora,Cultcheth,lcultchethkl@npr.org,Polygender,2.83.200.186
743,Mitchael,Brookwell,mbrookwellkm@thetimes.co.uk,Genderfluid,141.118.87.42
744,Huntington,Craigg,hcraiggkn@shop-pro.jp,Bigender,123.140.20.228
745,Cob,Bushell,cbushellko@google.com.hk,Genderqueer,146.186.17.29
746,Allyce,Chiles,achileskp@woothemes.com,Female,31.254.215.193
747,Bartolomeo,Farre,bfarrekq@infoseek.co.jp,Polygender,185.186.190.123
748,Derward,Brewood,dbrewoodkr@upenn.edu,Female,7.75.240.96
749,Darbee,Tomsu,dtomsuks@infoseek.co.jp,Female,30.33.206.169
750,Harriette,Tinkler,htinklerkt@nsw.gov.au,Male,206.133.131.11
751,Winifred,Berard,wberardku@jalbum.net,Polygender,199.209.22.74
752,Maryrose,Stanbra,mstanbrakv@yale.edu,Bigender,75.241.252.29
753,Kayley,Sandall,ksandallkw@youtu.be,Bigender,38.19.147.221
754,Bili,Creamer,bcreamerkx@intel.com,Non-binary,155.237.35.250
755,Dahlia,Glassard,dglassardky@360.cn,Female,251.102.212.75
756,Scottie,Checci,scheccikz@plala.or.jp,Agender,13.155.249.115
757,Junina,Jehaes,jjehaesl0@ow.ly,Female,203.155.148.229
758,Carlotta,Caudrelier,ccaudrelierl1@over-blog.com,Polygender,175.171.96.175
759,Rollo,McGeoch,rmcgeochl2@wikipedia.org,Male,221.216.6.17
760,Margot,Ollie,molliel3@marriott.com,Non-binary,171.190.91.198
761,Alasdair,Fomichyov,afomichyovl4@discuz.net,Agender,34.122.201.68
762,Catarina,Olney,colneyl5@soundcloud.com,Male,208.159.223.76
763,Randy,Cardenosa,rcardenosal6@bluehost.com,Male,74.61.97.254
764,Marianne,Ailmer,mailmerl7@edublogs.org,Bigender,179.116.148.165
765,Tory,Iddison,tiddisonl8@hubpages.com,Polygender,136.133.118.58
766,Minny,Asmus,masmusl9@forbes.com,Female,16.66.12.108
767,Addy,Moden,amodenla@mashable.com,Male,56.135.136.40
768,Putnem,Sillitoe,psillitoelb@google.ru,Polygender,211.227.60.51
769,Davine,Soame,dsoamelc@utexas.edu,Agender,49.79.196.85
770,Fiorenze,Crickmer,fcrickmerld@cmu.edu,Genderfluid,71.101.200.173
771,Donaugh,Kedie,dkediele@freewebs.com,Polygender,171.161.147.204
772,Harald,Tearle,htearlelf@redcross.org,Genderfluid,75.75.110.121
773,Cleveland,Castletine,ccastletinelg@vk.com,Non-binary,197.5.68.203
774,Dar,Kenton,dkentonlh@home.pl,Genderqueer,138.71.87.116
775,Ian,Abeles,iabelesli@cpanel.net,Female,98.197.53.202
776,Larissa,Outibridge,loutibridgelj@tumblr.com,Polygender,37.194.191.211
777,Pavla,Lasselle,plassellelk@si.edu,Male,14.55.28.104
778,Brendon,Skedge,bskedgell@sitemeter.com,Genderqueer,58.120.30.89
779,Earvin,Puvia,epuvialm@washingtonpost.com,Genderfluid,211.99.141.177
780,Christie,Bysaker,cbysakerln@salon.com,Non-binary,245.240.107.188
781,Beatriz,Kimbly,bkimblylo@is.gd,Agender,193.192.181.78
782,Danny,Teal,dteallp@yellowpages.com,Genderqueer,156.31.178.24
783,Kylie,Kleynen,kkleynenlq@meetup.com,Agender,42.148.71.40
784,Engelbert,Aughton,eaughtonlr@soup.io,Genderqueer,171.237.205.6
785,Johnathan,Ingall,jingallls@csmonitor.com,Polygender,142.29.175.119
786,Gardener,Doogue,gdooguelt@bandcamp.com,Genderfluid,11.248.78.42
787,Coralie,Rymer,crymerlu@qq.com,Female,143.105.148.1
788,Elbertina,Blazevic,eblazeviclv@ebay.com,Genderqueer,9.233.86.26
789,Pall,Hanne,phannelw@yellowbook.com,Agender,252.149.86.168
790,Carly,Karolowski,ckarolowskilx@wsj.com,Non-binary,36.44.4.183
791,Corbie,Coatts,ccoattsly@hibu.com,Male,226.75.185.52
792,Arie,Alsina,aalsinalz@who.int,Non-binary,220.134.143.203
793,Lissi,Beames,lbeamesm0@lycos.com,Male,22.5.88.116
794,Tome,Revelle,trevellem1@trellian.com,Male,4.146.135.81
795,Belinda,Exeter,bexeterm2@answers.com,Non-binary,2.32.50.21
796,Anneliese,Verrills,averrillsm3@dailymail.co.uk,Agender,150.120.213.62
797,Vivyanne,Lutwidge,vlutwidgem4@forbes.com,Bigender,235.194.84.131
798,Jessee,Fannon,jfannonm5@hostgator.com,Non-binary,85.97.172.84
799,Romonda,Larder,rlarderm6@google.fr,Non-binary,34.200.59.1
800,Farand,Clemerson,fclemersonm7@discuz.net,Bigender,113.229.91.10
801,Lanie,Rayson,lraysonm8@xinhuanet.com,Bigender,130.129.163.70
802,Orsola,Canedo,ocanedom9@smugmug.com,Polygender,242.113.72.150
803,Rena,Rands,rrandsma@twitpic.com,Male,38.105.244.48
804,Mattias,Youings,myouingsmb@miibeian.gov.cn,Bigender,89.157.7.128
805,Briana,Lartice,blarticemc@shareasale.com,Genderqueer,41.117.178.45
806,Sherline,Nornable,snornablemd@privacy.gov.au,Non-binary,138.221.117.47
807,Ardys,Richel,arichelme@nymag.com,Genderqueer,232.127.218.150
808,Stafani,Ginty,sgintymf@storify.com,Agender,207.169.26.133
809,Evin,Wines,ewinesmg@rediff.com,Male,245.243.51.111
810,Emmett,Harberer,eharberermh@simplemachines.org,Male,10.235.61.222
811,Haily,Pietasch,hpietaschmi@walmart.com,Non-binary,242.231.126.61
812,Rennie,Gaudon,rgaudonmj@sciencedaily.com,Female,195.100.83.247
813,Fidela,Kenton,fkentonmk@google.it,Male,57.45.30.70
814,Birgit,Wimbridge,bwimbridgeml@oaic.gov.au,Male,201.229.192.17
815,Bendite,Conwell,bconwellmm@bing.com,Female,109.83.208.45
816,Mel,Popple,mpopplemn@biblegateway.com,Genderqueer,95.149.141.61
817,Gratiana,Shillabear,gshillabearmo@desdev.cn,Genderfluid,242.230.75.41
818,Miriam,O' Sullivan,mosullivanmp@dot.gov,Agender,254.103.231.111
819,Douglass,Cominello,dcominellomq@who.int,Bigender,109.212.144.127
820,Guthrie,Linster,glinstermr@macromedia.com,Genderfluid,211.93.197.161
821,Dewitt,Bisacre,dbisacrems@psu.edu,Non-binary,15.198.245.30
822,Tammie,Sanzio,tsanziomt@google.co.jp,Female,194.35.137.227
823,Eileen,Brellin,ebrellinmu@dagondesign.com,Agender,131.229.170.86
824,Joey,Barrett,jbarrettmv@ted.com,Female,189.194.119.103
825,Velma,Bygraves,vbygravesmw@youtu.be,Polygender,254.156.174.47
826,Jeremias,McRorie,jmcroriemx@harvard.edu,Polygender,182.126.103.33
827,Armin,Lawlan,alawlanmy@stumbleupon.com,Genderfluid,127.80.150.112
828,Aguistin,Foy,afoymz@mashable.com,Male,50.148.19.29
829,Norris,Gerardin,ngerardinn0@webeden.co.uk,Bigender,159.168.239.49
830,Hadleigh,Cuncarr,hcuncarrn1@admin.ch,Male,245.53.17.211
831,Khalil,Barnsley,kbarnsleyn2@wsj.com,Agender,39.73.29.41
832,Valentin,Whodcoat,vwhodcoatn3@moonfruit.com,Polygender,59.39.162.179
833,Derron,Padbery,dpadberyn4@xing.com,Polygender,114.171.214.221
834,Lorrie,Maffy,lmaffyn5@ning.com,Female,135.113.102.187
835,Lammond,Colloff,lcolloffn6@i2i.jp,Polygender,138.100.133.24
836,Fonsie,Prandini,fprandinin7@illinois.edu,Polygender,106.35.237.3
837,Addia,Leverich,aleverichn8@taobao.com,Non-binary,183.89.21.17
838,Berti,Docharty,bdochartyn9@domainmarket.com,Agender,36.246.204.83
839,Murdock,Audus,maudusna@indiatimes.com,Genderqueer,25.121.197.185
840,Beatrisa,Davidwitz,bdavidwitznb@nyu.edu,Bigender,178.55.58.140
841,Nev,Sherrum,nsherrumnc@cmu.edu,Male,95.129.255.198
842,Kippie,Bonhan,kbonhannd@4shared.com,Agender,179.42.212.206
843,Norean,Freemantle,nfreemantlene@istockphoto.com,Non-binary,232.40.91.149
844,Hillary,Feehan,hfeehannf@patch.com,Female,120.238.19.129
845,Valene,Southwood,vsouthwoodng@digg.com,Male,185.226.142.91
846,Andee,Spitaro,aspitaronh@sourceforge.net,Female,191.90.70.171
847,Anita,Trinke,atrinkeni@nps.gov,Bigender,24.230.44.222
848,Dionisio,McCrisken,dmccriskennj@spotify.com,Agender,221.98.26.148
849,Lissy,Habbal,lhabbalnk@va.gov,Bigender,184.232.226.140
850,Gerda,Tschiersch,gtschierschnl@usnews.com,Genderfluid,243.148.160.222
851,Hansiain,Stables,hstablesnm@seesaa.net,Agender,86.239.200.68
852,Orran,McCambridge,omccambridgenn@sourceforge.net,Bigender,210.92.151.31
853,Will,Sharville,wsharvilleno@mayoclinic.com,Bigender,174.181.20.230
854,Kathi,Schulz,kschulznp@apple.com,Polygender,7.235.34.211
855,Patrizius,Cullum,pcullumnq@intel.com,Male,58.68.251.29
856,Lance,Stopford,lstopfordnr@army.mil,Non-binary,10.183.119.91
857,Grayce,Scorey,gscoreyns@si.edu,Agender,154.130.91.209
858,Shara,Tebbitt,stebbittnt@admin.ch,Polygender,9.129.216.74
859,Rica,Estrella,restrellanu@webs.com,Genderfluid,146.93.187.107
860,Erik,Delyth,edelythnv@canalblog.com,Bigender,165.198.187.67
861,Linet,Broadhurst,lbroadhurstnw@buzzfeed.com,Bigender,162.217.158.165
862,Irene,Bruneau,ibruneaunx@themeforest.net,Bigender,240.228.1.13
863,Jethro,Abrahm,jabrahmny@angelfire.com,Genderfluid,5.121.47.190
864,Austin,Lyst,alystnz@earthlink.net,Agender,12.239.204.150
865,Jdavie,Pietesch,jpietescho0@guardian.co.uk,Genderfluid,222.161.110.181
866,Leland,Land,llando1@apple.com,Female,182.7.153.78
867,Thadeus,Widdicombe,twiddicombeo2@a8.net,Agender,212.74.141.19
868,Artair,Newis,anewiso3@dion.ne.jp,Agender,60.201.174.188
869,Flore,Buttwell,fbuttwello4@prweb.com,Male,235.201.52.144
870,Arlan,Arias,aariaso5@utexas.edu,Polygender,160.254.0.167
871,Zebadiah,Ebi,zebio6@redcross.org,Polygender,40.112.134.54
872,Bernice,Karchewski,bkarchewskio7@usgs.gov,Agender,122.229.109.156
873,Lolita,Turpey,lturpeyo8@patch.com,Agender,101.170.60.221
874,Cyril,Osgodby,cosgodbyo9@netlog.com,Agender,63.14.108.255
875,Birgitta,Pogosian,bpogosianoa@meetup.com,Bigender,129.36.122.84
876,Dione,O'Doherty,dodohertyob@hatena.ne.jp,Female,36.19.79.251
877,Tiler,Osburn,tosburnoc@networksolutions.com,Polygender,47.139.58.55
878,Lonee,Currie,lcurrieod@aboutads.info,Polygender,67.148.15.153
879,Danika,Cradduck,dcradduckoe@i2i.jp,Agender,66.96.222.93
880,Rubia,Cristofalo,rcristofaloof@fastcompany.com,Female,44.157.235.47
881,Preston,Bonett,pbonettog@ucsd.edu,Genderqueer,135.44.139.187
882,Ranice,Stenton,rstentonoh@sciencedaily.com,Bigender,204.129.204.182
883,Osgood,Rolance,orolanceoi@mapy.cz,Genderqueer,83.62.19.102
884,Carine,Hinckes,chinckesoj@who.int,Non-binary,172.87.115.67
885,Krissie,Veryan,kveryanok@nifty.com,Female,119.14.24.249
886,Ezri,Spadeck,espadeckol@nymag.com,Genderqueer,104.177.230.4
887,Lissy,Scoffham,lscoffhamom@apache.org,Agender,58.135.182.219
888,Kerrill,Waldie,kwaldieon@jigsy.com,Female,121.200.96.29
889,Silvana,Bewley,sbewleyoo@wikimedia.org,Genderqueer,70.229.13.223
890,Dasha,Targett,dtargettop@wiley.com,Genderqueer,34.212.38.217
891,Kristyn,Madders,kmaddersoq@amazon.com,Bigender,144.75.0.154
892,Cobb,Bhatia,cbhatiaor@ocn.ne.jp,Bigender,46.252.139.186
893,Carlee,Valentinuzzi,cvalentinuzzios@google.co.uk,Polygender,201.171.224.69
894,Robinette,Mould,rmouldot@usnews.com,Bigender,178.15.18.26
895,Andy,Vaughan-Hughes,avaughanhughesou@tumblr.com,Polygender,39.122.192.70
896,Kayley,Druce,kdruceov@feedburner.com,Genderqueer,130.75.13.214
897,Madelena,Crocroft,mcrocroftow@yandex.ru,Non-binary,174.121.199.59
898,Jock,Palfery,jpalferyox@hubpages.com,Male,247.210.110.144
899,Tamarra,Gait,tgaitoy@ucoz.ru,Non-binary,178.47.172.89
900,Zollie,MacTrustram,zmactrustramoz@studiopress.com,Genderqueer,181.53.206.32
901,Gustie,Rottger,grottgerp0@dedecms.com,Non-binary,110.170.248.182
902,Jonie,Stanway,jstanwayp1@yahoo.co.jp,Polygender,113.70.18.245
903,Kingsly,Pentelo,kpentelop2@godaddy.com,Male,39.126.204.219
904,Dorelle,McQuillan,dmcquillanp3@time.com,Non-binary,221.81.39.128
905,Pandora,Yurchishin,pyurchishinp4@phpbb.com,Female,231.174.236.12
906,Sammie,Thirsk,sthirskp5@microsoft.com,Polygender,23.59.252.162
907,Banky,Ottee,botteep6@boston.com,Agender,213.41.76.182
908,Krispin,Wank,kwankp7@1und1.de,Female,193.99.67.138
909,Kevan,Beswell,kbeswellp8@technorati.com,Female,166.0.129.66
910,Marilyn,Matiashvili,mmatiashvilip9@sitemeter.com,Polygender,77.91.186.128
911,Richmond,Kleiner,rkleinerpa@ebay.co.uk,Polygender,12.176.127.204
912,Beau,Semper,bsemperpb@harvard.edu,Agender,50.23.62.15
913,Lu,Ilchenko,lilchenkopc@wikipedia.org,Female,87.79.79.111
914,Dareen,Blaine,dblainepd@ask.com,Male,64.0.24.111
915,Alexi,Gascoyen,agascoyenpe@imageshack.us,Agender,241.164.120.74
916,Rip,Arnau,rarnaupf@ucoz.ru,Genderfluid,234.87.111.183
917,Annamaria,McQuilliam,amcquilliampg@blogs.com,Agender,178.40.108.14
918,Marice,Stallion,mstallionph@github.com,Female,135.98.74.99
919,Kelwin,DelaField,kdelafieldpi@harvard.edu,Male,15.180.137.150
920,Willa,Heintz,wheintzpj@macromedia.com,Genderfluid,117.248.78.98
921,Gina,Frapwell,gfrapwellpk@angelfire.com,Agender,71.166.138.28
922,Dimitry,Gammett,dgammettpl@mapquest.com,Genderqueer,245.117.7.55
923,Luci,Ruffles,lrufflespm@chronoengine.com,Male,201.143.199.73
924,William,Gallamore,wgallamorepn@scientificamerican.com,Bigender,104.26.16.146
925,Calypso,Caban,ccabanpo@illinois.edu,Female,217.212.230.72
926,Flint,Grollmann,fgrollmannpp@deliciousdays.com,Genderfluid,96.4.99.78
927,Karylin,Grand,kgrandpq@bloglovin.com,Non-binary,102.65.166.146
928,Hilton,Iacovacci,hiacovaccipr@reverbnation.com,Bigender,135.152.238.191
929,Marlo,Crumbie,mcrumbieps@who.int,Genderfluid,135.109.211.53
930,Philis,Berni,pbernipt@china.com.cn,Non-binary,229.138.224.103
931,Cleavland,Valde,cvaldepu@vimeo.com,Polygender,133.42.106.213
932,Erick,Mackinder,emackinderpv@reference.com,Genderfluid,217.101.217.34
933,Stavro,Surman,ssurmanpw@nbcnews.com,Female,171.169.203.11
934,Karl,Abramovitz,kabramovitzpx@uol.com.br,Bigender,119.51.116.62
935,Zoe,Jachimczak,zjachimczakpy@diigo.com,Bigender,207.156.108.141
936,Spense,Argyle,sargylepz@odnoklassniki.ru,Genderfluid,142.30.6.44
937,Clair,Batkin,cbatkinq0@weather.com,Non-binary,223.229.4.108
938,Hersh,Le Grand,hlegrandq1@friendfeed.com,Genderqueer,63.96.205.57
939,Gordy,Verecker,gvereckerq2@scientificamerican.com,Agender,80.189.254.143
940,Rebekah,McShirie,rmcshirieq3@wordpress.com,Bigender,179.152.73.139
941,Calley,Lindegard,clindegardq4@usa.gov,Female,138.200.79.34
942,Phelia,Kohnen,pkohnenq5@google.com,Genderqueer,91.95.184.91
943,Rad,Smeeton,rsmeetonq6@buzzfeed.com,Polygender,22.84.23.29
944,Cletis,Secret,csecretq7@sourceforge.net,Male,45.5.44.139
945,Fannie,Pressey,fpresseyq8@tripadvisor.com,Polygender,219.214.135.47
946,Flinn,Stacy,fstacyq9@bigcartel.com,Non-binary,190.204.147.222
947,Duky,Benediktovich,dbenediktovichqa@huffingtonpost.com,Non-binary,219.47.161.240
948,Agneta,Longea,alongeaqb@privacy.gov.au,Genderfluid,33.140.34.91
949,Osborn,Seaborn,oseabornqc@deviantart.com,Non-binary,205.176.179.29
950,Ruby,Klich,rklichqd@about.com,Genderqueer,7.53.9.192
951,Ameline,Strettle,astrettleqe@mail.ru,Female,109.23.157.3
952,Wain,Clough,wcloughqf@unesco.org,Polygender,141.218.221.26
953,Florencia,Ginni,fginniqg@slideshare.net,Bigender,144.89.27.37
954,Diena,Mattersey,dmatterseyqh@psu.edu,Polygender,198.236.137.198
955,Iolande,Coffey,icoffeyqi@deviantart.com,Agender,62.180.34.3
956,Urson,Presnall,upresnallqj@cmu.edu,Non-binary,215.146.171.112
957,Kristel,Gregori,kgregoriqk@naver.com,Non-binary,120.78.218.29
958,Gerda,Dilleway,gdillewayql@gnu.org,Agender,108.239.6.89
959,Pedro,Iorio,piorioqm@walmart.com,Bigender,35.158.94.30
960,Kaia,Perfitt,kperfittqn@deviantart.com,Non-binary,197.186.61.85
961,Clemmie,Cantos,ccantosqo@apple.com,Genderqueer,147.98.225.198
962,Rossy,Osmint,rosmintqp@twitter.com,Genderqueer,50.64.12.74
963,Gawain,Truswell,gtruswellqq@w3.org,Genderfluid,87.139.8.139
964,Myrle,Wakeford,mwakefordqr@answers.com,Genderqueer,184.245.76.3
965,Cammi,Olden,coldenqs@apple.com,Non-binary,149.140.245.9
966,Rozella,Coope,rcoopeqt@ebay.co.uk,Non-binary,73.230.38.62
967,Hanson,Musla,hmuslaqu@seattletimes.com,Genderfluid,46.46.101.249
968,Andrej,Inskipp,ainskippqv@un.org,Female,63.108.255.87
969,Kory,Nozzolii,knozzoliiqw@si.edu,Polygender,165.32.227.27
970,Darrel,Bodsworth,dbodsworthqx@japanpost.jp,Genderfluid,205.249.83.135
971,Amelie,Minchenton,aminchentonqy@theglobeandmail.com,Female,105.17.95.185
972,Ginny,Muggleston,gmugglestonqz@prnewswire.com,Male,103.61.69.156
973,Kermy,Harryman,kharrymanr0@google.es,Genderqueer,7.212.155.46
974,Otis,Iveson,oivesonr1@dagondesign.com,Polygender,16.178.171.235
975,Janene,Trevillion,jtrevillionr2@opera.com,Female,117.61.72.85
976,Irena,Wingfield,iwingfieldr3@topsy.com,Agender,33.124.91.152
977,Bryce,Stainland,bstainlandr4@soup.io,Non-binary,243.107.19.191
978,Demetris,Ferryman,dferrymanr5@about.me,Agender,32.17.30.120
979,Rebecka,Cahani,rcahanir6@infoseek.co.jp,Genderqueer,178.7.52.189
980,Florie,Berrington,fberringtonr7@pcworld.com,Polygender,80.27.72.19
981,Ransom,Shevill,rshevillr8@rediff.com,Male,217.209.175.45
982,Ann,Brach,abrachr9@feedburner.com,Bigender,141.20.138.95
983,Patty,Betje,pbetjera@squarespace.com,Non-binary,136.135.123.189
984,Humfrid,McAllan,hmcallanrb@ocn.ne.jp,Genderfluid,44.64.198.254
985,Brinna,Dyerson,bdyersonrc@mysql.com,Male,88.105.241.252
986,Fern,Bidgod,fbidgodrd@a8.net,Polygender,96.81.31.52
987,Noemi,Cheyne,ncheynere@macromedia.com,Polygender,92.67.160.3
988,Liam,Giffaut,lgiffautrf@elegantthemes.com,Non-binary,220.84.87.29
989,Jessamine,Mulhill,jmulhillrg@youtu.be,Agender,180.23.150.212
990,Luce,Steptoe,lsteptoerh@wp.com,Non-binary,24.231.8.13
991,Rudyard,Lamy,rlamyri@webs.com,Genderfluid,126.230.173.237
992,Wilmar,Landrick,wlandrickrj@usa.gov,Polygender,8.125.89.192
993,Keen,Bengle,kbenglerk@blogs.com,Non-binary,5.61.47.71
994,Nanni,Upward,nupwardrl@google.co.jp,Polygender,230.24.98.177
995,Reina,Bourton,rbourtonrm@csmonitor.com,Genderqueer,187.216.238.244
996,Jilly,Roslen,jroslenrn@altervista.org,Non-binary,108.226.236.110
997,Carter,Carmel,ccarmelro@acquirethisname.com,Non-binary,22.42.244.48
998,Anny,Loakes,aloakesrp@php.net,Bigender,44.72.78.230
999,Elwood,Middlewick,emiddlewickrq@biblegateway.com,Bigender,7.211.34.41
1000,Cecilla,Zarb,czarbrr@nba.com,Male,27.175.163.202
